BootcampName,AttendedBootcamp,BootcampRecommend,Percentage of recommendations
Makers Academy,12,12,100.00%
Dev Academy,13,13,100.00%
Turing,27,26,96.30%
Free Code Camp,15,14,93.33%
Hack Reactor,29,27,93.10%
Flatiron School,54,50,92.59%
App Academy,22,20,90.91%
MakerSquare,20,18,90.00%
Hackbright Academy,22,19,86.36%
Dev Bootcamp,48,41,85.42%
Prime Digital Academy,30,25,83.33%
The Firehose Project,16,13,81.25%
Epicodus,14,11,78.57%
General Assembly,90,70,77.78%
The Iron Yard,40,31,77.50%
Code Fellows,21,15,71.43%
New York Code + Design Academy,20,14,70.00%
Tech Talent South,12,8,66.67%
Coding Dojo,18,11,61.11%
Galvanize,20,11,55.00%
Coder Camps,11,6,54.55%
Bloc.io,21,11,52.38%
